{
    "accuracy": 0.9608269858541894,
    "ece": 0.06043469840995118,
    "report": {
        "baseline": {
            "precision": 0.956882255389718,
            "recall": 0.9829642248722317,
            "f1-score": 0.9697478991596639,
            "support": 587
        },
        "stress": {
            "precision": 0.9683544303797469,
            "recall": 0.9216867469879518,
            "f1-score": 0.9444444444444444,
            "support": 332
        },
        "accuracy": 0.9608269858541894,
        "macro avg": {
            "precision": 0.9626183428847325,
            "recall": 0.9523254859300918,
            "f1-score": 0.9570961718020541,
            "support": 919
        },
        "weighted avg": {
            "precision": 0.9610267190422638,
            "recall": 0.9608269858541894,
            "f1-score": 0.9606067163898565,
            "support": 919
        }
    }
}
